image_name|comment_number|caption
103306033.jpg| 0| A woman wearing a brown dress with a matching turban is pushing a toddler through a park in his stroller .
103306033.jpg| 1| Woman dressed in brown African attire pushing a toddler in a stroller .
103306033.jpg| 2| A woman is walking her baby with a stroller at the local park .
103306033.jpg| 3| The lady is pushing a child in a stroller .
103306033.jpg| 4| A woman pushes her baby in a stroller .
111390902.jpg| 0| Two Asian men are riding on a motorcycle in the midst of a crowd full of other motorcycle riders .
111390902.jpg| 1| Three young men , two riding a motorbike on a busy street , looking at something and smiling .
111390902.jpg| 2| Three oriental men are riding on a red moped scooter in the city with many people .
111390902.jpg| 3| A group of motorcyclist are ridding through the streets .
111390902.jpg| 4| Boys on a motor-scooter riding down a busy urban street .
12526324.jpg| 0| A child is taking a drink from a large cup with a straw being held by a woman .
12526324.jpg| 1| A toddler using a straw to drink from a paper cup in front of a McDonald 's .
12526324.jpg| 2| A woman wearing glasses helps a small boy drink out of her cup .
12526324.jpg| 3| A woman giving a blond-haired toddler a drink from a cup .
12526324.jpg| 4| Baby taking a refreshing sip
1290894194.jpg| 0| A woman crouches down next to her terrier dog to smile at a little girl sitting on the sidewalk .
1290894194.jpg| 1| a woman with a brown dog is talking to a toddler who is sat on the ground .
1290894194.jpg| 2| A woman squatting to face a small child while holding a dog .
1290894194.jpg| 3| A woman in a red top and a small dog talks to a young girl .
1290894194.jpg| 4| A woman showing a small dog to an infant
135200870.jpg| 0| A young girl standing next to a bowl holding an egg .
135200870.jpg| 1| A little girl wearing pink with a raw egg in a bowl .
135200870.jpg| 2| A sweet young lady deciding whats for breakfast !
135200870.jpg| 3| A little girl is helping make breakfast .
135200870.jpg| 4| a toddler with eggs in a bowl .
1376871596.jpg| 0| TWo people walking into a shadow in one direction while another walks in the midst of it .
1376871596.jpg| 1| A woman in a pink shirt and jean skirt walking down the street talking on her cellphone .
1376871596.jpg| 2| An older couple passes by a young lady on the sidewalk .
1376871596.jpg| 3| A young woman is silhouetted against other pedestrians .
1376871596.jpg| 4| People are walking down the street in the shadows .
1409801982.jpg| 0| A man in his white shirt uniform is standing next to a table with a basket of fruits as he talks to a lady .
1409801982.jpg| 1| A chef in white talks to guests about various tomato varieties over a display table of tomatoes and sauces .
1409801982.jpg| 2| A woman inspects a variety of fruits and vegetables on a small table .
1409801982.jpg| 3| A chef explains different varieties of Tomatoes to consumers .
1409801982.jpg| 4| A man in a white chef 's jacket presenting tomatoes .
1449163823.jpg| 0| A woman with black hair , wearing a blue shirt and orange vest working with some blue clay like material .
1449163823.jpg| 1| A woman in an orange vest and blue shirt makes blue corn tortillas .
1449163823.jpg| 2| A tan woman in an orange vest works with clay .
1449163823.jpg| 3| A woman in a blue shirt making pottery .
1449163823.jpg| 4| A woman works hard forming clay .
1469107065.jpg| 0| The tour guide wore a dark shirt and cap as he pointed out the sign listing the rules to his young passengers .
1469107065.jpg| 1| A back view of a man driving a tractor and signaling with two children as passengers at the back .
1469107065.jpg| 2| A man drives an orange tractor with two small children riding in the back of it .
1469107065.jpg| 3| A man driving a tractor pulls along two young children for a ride .
1469107065.jpg| 4| The man is driving his equipment under the archway .
15085612.jpg| 0| A man wearing a blue shirt screaming or yelling with his arms raised up in the air .
15085612.jpg| 1| Will Ferrell yelling with his arms up and his eyes closed .
15085612.jpg| 2| A man in a blue long-sleeved jacket crying out of fear .
15085612.jpg| 3| A man being airlifted to safety after being in danger .
15085612.jpg| 4| A man in a blue jacket screaming .
156246815.jpg| 0| A man wearing a white shirt and red shorts is getting ready to kick a football .
156246815.jpg| 1| A guy is getting ready to kick a football into the air .
156246815.jpg| 2| Man kicking football off tee in t-shirt and shorts
156246815.jpg| 3| A man in red shorts is about to kick a football .
156246815.jpg| 4| Man about to kick football on a field .
1576185717.jpg| 0| a girl in a red top bowls a cricket ball at a boy in a yellow shirt who is in front of the wicket holding a bat .
1576185717.jpg| 1| A young boy and girl playing baseball in a grassy field .
1576185717.jpg| 2| A boy and yellow and girl in red playing cricket .
1576185717.jpg| 3| Two young children playing cricket in a field .
1576185717.jpg| 4| A boy and girl playing cricket
175299591.jpg| 0| A young white boy with an orange shirt and white and black hat sitting next to a black steel ball in a large field .
175299591.jpg| 1| A boy in an orange shirt and baseball cap sits in a grassy field next to a black ball .
175299591.jpg| 2| A young boy in a orange shirt watching something .
175299591.jpg| 3| A young boy is sitting on the grass .
175299591.jpg| 4| A boy sitting down at the park .
1791491934.jpg| 0| An Asian man wearing a blue long-sleeve shirt and patterned pants is working with an old looking machine .
1791491934.jpg| 1| A older Japanese man trying to fix a small red and gray machine .
1791491934.jpg| 2| A man in camouflage pants sits next to machinery .
1791491934.jpg| 3| Asian man in blue shirt works with a machine
1791491934.jpg| 4| A worker is sitting down near a saw .
1812525037.jpg| 0| The two young children are in black and white face paint and costumes while riding in a stroller , they are being pushed by a man also in face paint and a costume
1812525037.jpg| 1| Two parents with two children and others dressed up like the music group Kiss .
1812525037.jpg| 2| The Kiss-costumed adults are pushing the strollers of the Kiss-costumed kids .
1812525037.jpg| 3|" Two little kids in strollers have face makeup on like the band "" Kiss "" ."
1812525037.jpg| 4| Two babies are dressed up as Kiss along with their parent 's .
1891331926.jpg| 0| Brazilian mime is playing the racket as a guitar for his solo performance on the streets of Brazil in this picture .
1891331926.jpg| 1| A man in a black suit and straw hat holds a tennis racket as if it were a guitar .
1891331926.jpg| 2| A man in a tuxedo pretending to play a tennis racket like a guitar .
1891331926.jpg| 3| Man in tuxedo and straw hat holding tennis racket
1891331926.jpg| 4| A man in a tuxedo is playing a tennis racket .
19212715.jpg| 0| A person kayaks in the middle of the ocean on a gray day .
19212715.jpg| 1| A person rows a boat over a large body of water .
19212715.jpg| 2| person in a boat with a paddle in hand
19212715.jpg| 3| a kayaker kayaks through the water .
19212715.jpg| 4| A person kayaking in the ocean .
19786861.jpg| 0| A figure sitting on pavement looks in the direction of a child as the latter crouches slightly and stares at the ground .
19786861.jpg| 1| A man videotapes while a man nearby watches a young boy looking down at his shadow .
19786861.jpg| 2| A young boy in a blue shirt stands next to a woman sitting on the ground .
19786861.jpg| 3| A person sits on the ground in front of a child wearing blue .
19786861.jpg| 4| A child in a blue jersey stands outside .
2085726719.jpg| 0| Two women dressed for cold weather in jackets and gloves look at something on a cellphone screen .
2085726719.jpg| 1| Two teen girls are looking at a small electronic device while wearing winter coats .
2085726719.jpg| 2| Two girls holding drinks and looking at something on a cellphone .
2085726719.jpg| 3| Two girls bundled up in winter coats pose for a picture .
2085726719.jpg| 4| Two young girls huddle to look at a cellphone .
2098174172.jpg| 0| The man wears a green hat and jacket while standing in front of a mountain .
2098174172.jpg| 1| A hiker is standing in before the mountain holding two walking sticks .
2098174172.jpg| 2| A man with two ski poles stands near a mountaintop .
2098174172.jpg| 3| A man stands in front of snow covered mountains .
2098174172.jpg| 4| A hiker is posing in front of snowy mountains .
2119206841.jpg| 0| A sleepy looking woman holding a baby who seems to be in a state of awe .
2119206841.jpg| 1| A sleepy mother tries to keep up with her kid .
2119206841.jpg| 2| Mother lifting her child onto a spin roll toy .
2119206841.jpg| 3| A woman is helping a baby stand up .
2119206841.jpg| 4| A lady is taking care of her child .
2136992638.jpg| 0| Two dogs , one brown , the other black and white , are playing on a sidewalk .
2136992638.jpg| 1| A brown and a black dog are wearing collars and playing with each other .
2136992638.jpg| 2| Two dogs , one brown and one black , playing with each other .
2136992638.jpg| 3| The brown dog with a red collar is biting the black dog .
2136992638.jpg| 4| A brown dog biting a black dog on a sidewalk
2142232919.jpg| 0| A black dog carries an orange ball , walking on the ground covered in leaves .
2142232919.jpg| 1| A black dog with an orange toy in its mouth is walking in fall leaves .
2142232919.jpg| 2| Black dog with orange ball approaches camera across dead leaves .
2142232919.jpg| 3| The black dog walks through brown leaves with an orange ball .
2142232919.jpg| 4| A black lab puppy runs with an orange ball on an autumn day .
2191598990.jpg| 0| A navy wearing a gray sweatshirt and blue jeans is laying on a full build bid with another girl who is wearing a black sweater white belts with studs and black jeans
2191598990.jpg| 1| Two girls , wearing their street clothes , are laying on a pulled out sofa-bed .
2191598990.jpg| 2| Two girls are sleeping on a floor mat in an apartment or house .
2191598990.jpg| 3| two girls are laying down together on a couch
2191598990.jpg| 4| Two girl in hoodies lay on a bed .
2201734906.jpg| 0| A blond-haired woman talks to a man wearing a tank top and shorts .
2201734906.jpg| 1| A man and a woman are talking while waiting at a crosswalk .
2201734906.jpg| 2| A young blond women and a man waiting to cross the street .
2201734906.jpg| 3| A man and women waiting at a crosswalk
2201734906.jpg| 4| A young couple crossing the street .
2221241506.jpg| 0| A man with glasses looking down at something while sitting on something made of concrete .
2221241506.jpg| 1| A man wearing a black top and thick glasses is on a piece of construction .
2221241506.jpg| 2| A man with glasses looks at something amid scaffolding .
2221241506.jpg| 3| A man is touching a large metal structure .
2221241506.jpg| 4| A man surrounded by staging is working .
2225530026.jpg| 0| A construction crew is waiting around with yellow and orange jackets .
2225530026.jpg| 1| A group of people wearing jackets are gathered on the sidewalk .
2225530026.jpg| 2| Many people moving into a new home in the early winter days .
2225530026.jpg| 3| White people with coats , stand near white Penske truck .
2225530026.jpg| 4| A group of people preparing for a move .
2243943940.jpg| 0| Two people , a man with a blue shirt and a woman in a hoodie , are playing board games and drinking from mason jars .
2243943940.jpg| 1| A group of young adults gathers around on the floor to play a complex board game .
2243943940.jpg| 2| A couple play a board game with friends while drinking apple cider .
2243943940.jpg| 3| A couple sits down with friends to play a board game .
2243943940.jpg| 4| A couple is playing a board game .
2260537673.jpg| 0| An older gentleman wearing an elaborate headdress holding a white dog that has had its fur dyed several colors .
2260537673.jpg| 1| A strange looking man is wearing a head ornament and has a dog with pink and purple hair .
2260537673.jpg| 2| A man and his dog are dressed up in colorful costumes in the street in front of a bakery .
2260537673.jpg| 3| People in costume are gathered on a city street .
2260537673.jpg| 4| colorful people and a dog
2275928920.jpg| 0| Two people dressed warmly and sporting fur hats are outdoors at a table festooned with various items in front of an orange building with prominent ducts .
2275928920.jpg| 1| a man and woman wearing winter clothing try to sell various items on a table outside .
2275928920.jpg| 2| Two people tend to their table of products at a street market .
2275928920.jpg| 3| An elderly couple set out their goods for sale .
2275928920.jpg| 4| An old lady is selling goods on the street .
2286235203.jpg| 0| A woman is looking down and wearing a white hair piece that looks like a wedding veil .
2286235203.jpg| 1| A young woman is wearing a bridal veil outside a church .
2286235203.jpg| 2| Bride with a white veil looking down .
2286235203.jpg| 3| A young bride purses her lips .
2286235203.jpg| 4| The bride is standing outside .
2295447147.jpg| 0| A brown dog in two black collars running through a grassy field .
2295447147.jpg| 1| A light brown dog with a dark collar bounding through grass .
2295447147.jpg| 2| A brown dog in mid-run in grass .
2295447147.jpg| 3| A dog running in a field .
2295447147.jpg| 4| A brown dog in a field .
229954873.jpg| 0| Two men , one wearing a gray shirt , the other wearing a black shirt appear in a store while another accesses an upper shirt with a woman in a green hat in the foreground .
229954873.jpg| 1| Several men are inside a store among stocked shelves and many bags of grains .
229954873.jpg| 2| man reaching for a type of an item in a general store .
229954873.jpg| 3| Two young men help another man in a store back room .
229954873.jpg| 4| Three men working in a shop by stocking items
2313598755.jpg| 0| A father and a son are tucked tightly together while sleeping .
2313598755.jpg| 1| A man with closed eyes holding a baby with closed eyes .
2313598755.jpg| 2| Man cuddling with a child on an orange pillow .
2313598755.jpg| 3| A father and his son cuddle while sleeping .
2313598755.jpg| 4| A father and son asleep in their blankets .
2322046574.jpg| 0| Two guys standing on a soccer field , one is drinking something from a water bottle and talking to each other .
2322046574.jpg| 1| Two male soccer players standing on a field , with bottles of liquid at their feet , while one takes a sip .
2322046574.jpg| 2| Two male soccer players , wearing burgundy pants and socks , are drinking from blue bottles .
2322046574.jpg| 3| Two players from the same team drinking in the field .
2322046574.jpg| 4| Two male soccer players are resting to take a drink .
2332673042.jpg| 0| Two adorable children who were dressed very similar by their mother are enjoying a train ride .
2332673042.jpg| 1| Two young children riding a bus , one is holding a bottle and the other is holding a can .
2332673042.jpg| 2| Two children , wearing vests and pants , sit on a bus with drinks in hand .
2332673042.jpg| 3| Two children are riding on a bus , and one is holding a drink .
2332673042.jpg| 4| Two baby are playing on train .
2377496811.jpg| 0| There are two guys on motorcycles while a crowd watches on behind a barricade .
2377496811.jpg| 1| Motorcycle stunt performer prepares for his next trick as the crowd looks on .
2377496811.jpg| 2| Two men are sitting on their bikes , surrounded by a crowd .
2377496811.jpg| 3| A crowd of people looking at two guys on motorcycles .
2377496811.jpg| 4| A crowd of people watching a motorcycle event .
2428094795.jpg| 0| A little girl with purple hat is riding a tricycle along paved road by some farmland .
2428094795.jpg| 1| A little girl with a purple fuzzy hat is riding a tricycle outside .
2428094795.jpg| 2| A young girl in blue hat and coat is riding a tricycle .
2428094795.jpg| 3| Little kid in blue coat and hat riding a tricycle .
2428094795.jpg| 4| A child in a fuzzy blue hat on a tricycle .
2429366041.jpg| 0| A woman with brown hair , white blouse , and a red purse is wearing headphones while a black-haired woman in a black and white blouse smiles next to her .
2429366041.jpg| 1| A woman in a white blouse and a woman in a white blouse with black bows listen to iPods while dancing .
2429366041.jpg| 2| Two women are smiling as they appear to be listening to portable music devices .
2429366041.jpg| 3| A young woman is holding a music player with earphones as she walks .
2429366041.jpg| 4| A woman dancing at the club .
2432061076.jpg| 0| A dog in the water near the beach with an urban horizon behind .
2432061076.jpg| 1| The large brown and white dog splashes on the shore .
2432061076.jpg| 2| A brown dog runs through the water on a beach .
2432061076.jpg| 3| Tan and white dog running in water .
2432061076.jpg| 4| A dog running in the surf .
243380205.jpg| 0| A boy wearing only swim trunks jumps off a dock into a large , blue lake that has a forest in the far background .
243380205.jpg| 1| Young boy jumping off of a trampoline into a lake .
243380205.jpg| 2| Young child jumping off of the pier into the lake .
243380205.jpg| 3| A young boy is jumping into a large body of water .
243380205.jpg| 4| A boy jumping off a trampoline into a lake .
2447284966.jpg| 0| A small boy dressed in a black sweatshirt with a logo on it , holds a red bat in front of blue stadium seats .
2447284966.jpg| 1| A little boy is holding a skinny baseball bat while standing between two rows of blue seats .
2447284966.jpg| 2| A young boy in a team sweatshirt is in a sports stadium near blue seats swinging a red bat .
2447284966.jpg| 3| The boy wearing a black shirt and blue jeans is holding a red baseball bat .
2447284966.jpg| 4| A young boy practices his bat swing while in the stands with blue seats .
2451253577.jpg| 0|" A man pulls a rope that is attached to a floating boat marked "" Avocet Market Drayton "" ."
2451253577.jpg| 1| A man dressed in blue pulling on a rope that 's attached to a boat .
2451253577.jpg| 2| A man pulling a houseboat up to the shore with a rope .
2451253577.jpg| 3| A man in a jumpsuit and a headband is docking a boat .
2451253577.jpg| 4| A man is working outdoors trying to do his job .
245460010.jpg| 0| Several people in matching biking outfits are standing with their bicycles .
245460010.jpg| 1| Bicyclists have stopped and are talking about something .
245460010.jpg| 2| Brightly dressed cyclists stop to have a few words .
245460010.jpg| 3| cycling team standing around in sunny tropical area
245460010.jpg| 4| a group of cyclists in matching clothing converse .
246704758.jpg| 0| An oriental man in a green shirt is leaning on a bike in front of brightly lit food stand that is outside on a street .
246704758.jpg| 1| A man sits near a bicycle while people make selections from a street vendor in the background .
246704758.jpg| 2| An Asian man is sitting outside a food kiosk at night in the city .
246704758.jpg| 3| Asian man resting against something in front of a street vendor
246704758.jpg| 4| A man is sitting near a food stand .
2476656359.jpg| 0| Young children outside playing with computer junk on the ground .
2476656359.jpg| 1| Children playing with or cleaning up miscellaneous items .
2476656359.jpg| 2| Two children are building something on the floor .
2476656359.jpg| 3| Children playing with broken office equipment .
2476656359.jpg| 4| Kids building and destroying objects .
2519483556.jpg| 0| Three pre-teen girls wearing sunglasses dance and sing in a family home .
2519483556.jpg| 1| Three children play together and act like celebrities with their props .
2519483556.jpg| 2| Three girls pretend to be rock musicans in a posh living room .
2519483556.jpg| 3| Three children are on a rug pretending to play instruments .
2519483556.jpg| 4| The three girls have pillows .
2537624884.jpg| 0| Ten workers in hard hats and reflective jackets stand holding cable one in front of the other on a stairway .
2537624884.jpg| 1| A team of rescuers wearing reflective vests descend a staircase carrying orange life preservers .
2537624884.jpg| 2| Emergency workers with hoses lined up and descending down stairs .
2537624884.jpg| 3| A group of construction workers going down a flight of stairs .
2537624884.jpg| 4| A line of workers walking down stairs .
2549819434.jpg| 0| The back of a female as she swings , with a cloudy sky in the background .
2549819434.jpg| 1| A girl is having a good time midair swinging on a swing .
2549819434.jpg| 2| One woman in a black shirt swinging very high on a swing .
2549819434.jpg| 3| the silhouette of a young girl swinging up to the sky .
2549819434.jpg| 4| A woman in a black t-shirt swinging on a swing .
2549950283.jpg| 0| A man and woman stand on a boulder by the river as he sweeps her off her feet .
2549950283.jpg| 1| A man in a navy coat leans in to kiss a woman in a cream coat .
2549950283.jpg| 2| A couple embracing while standing on a rock .
2549950283.jpg| 3| An Asian man and woman embrace playfully .
2549950283.jpg| 4| A couple is posing for a picture outside .
2562463210.jpg| 0| a boy with spiderman armbands is in the swimming pool by the wall at the edge .
2562463210.jpg| 1| A young boy wearing Spider-Man water-wings at the edge of the pool .
2562463210.jpg| 2| A boy in a pool wearing Spiderman floaties .
2562463210.jpg| 3| A boy with spiderman swimming is in a pool .
2562463210.jpg| 4| The boy is in the swimming pool .
2622177159.jpg| 0| A little girl wearing a pink hat is looking over the pool watching someone performing on stage
2622177159.jpg| 1| Little girl with pink had looking over the rail watching porpoise show .
2622177159.jpg| 2| A girl in a pink hat looks out at a pool of water .
2622177159.jpg| 3| A little girl in a pink hat gazes over a pool .
2622177159.jpg| 4| A girl reaches up to look into a pool .
2636668640.jpg| 0| A little asian girl in a yellow shirt and blue shirt standing in front of a little boy with a sleeveless shirt and shorts on .
2636668640.jpg| 1| A young boy and young girl both wearing shorts stand face on the street while an adult 's arm can be seen nearby .
2636668640.jpg| 2| A little boy and a little girl talking and holding the items they just got from a nearby food cart .
2636668640.jpg| 3| Two small children , one boy and one girl , standing near a street vendor talking .
2636668640.jpg| 4| Two young Asian children stand together on a public street .
266547962.jpg| 0| A cowboy tries to adapt with society 's desperate infantile need for technology .
266547962.jpg| 1| Three men and one woman sit at a table outdoors having drinks .
266547962.jpg| 2| A group of friends are deciding what they should eat today .
266547962.jpg| 3| Friends gather around a white computer .
266547962.jpg| 4| A group of people sitting outdoors .
2666307991.jpg| 0| Three gentlemen in business-formal attire drink and socialize at an indoor event , with two of the men looking off to the left and one of the men holding a bottle smiles for the camera .
2666307991.jpg| 1| There are three men wearing dress clothes and standing around .
2666307991.jpg| 2| Three males in collared shirts and ties celebrating .
2666307991.jpg| 3| Three well dressed guys enjoying a social event .
2666307991.jpg| 4| Three young men dancing at a party and drinking .
2674742398.jpg| 0| A man dressed in blue pants and a blue shirt poses in an alleyway with a camera and a piece of paper .
2674742398.jpg| 1| A man with a camera wearing a blue shirt and jeans stands between two tall buildings .
2674742398.jpg| 2| A man standing in a narrow alley posing for a picture .
2674742398.jpg| 3| A man wearing a blue shirt stands between two walls .
2674742398.jpg| 4| A man with a camera stands in an alleyway .
2713036593.jpg| 0| Male in a striped short-sleeve shirt , jeans , and brown shoes falling asleep while sitting down .
2713036593.jpg| 1| A man in jeans and a striped short shirt is sitting on a stoop and sleeping .
2713036593.jpg| 2| A man in a striped shirt and blue jeans asleep on a stoop .
2713036593.jpg| 3| A man is sitting on the floor , sleeping .
2713036593.jpg| 4| A male taking a nap on a hot afternoon .
2735517817.jpg| 0| Three men sitting on the sidewalk up against the building , with piles of dirt and an orange cone indicating the work area .
2735517817.jpg| 1| Three men in vests sitting down near a pile of dirt with their backs facing a wall .
2735517817.jpg| 2| Three construction workers sitting in front of a building in the shade .
2735517817.jpg| 3| Workers rest against the wall after a long day .
2735517817.jpg| 4| Three construction workers rest on job site .
2749228652.jpg| 0| A man is holding a microphone and another man is playing a guitar and jumping on a stage .
2749228652.jpg| 1| A man wearing a pink shirt and white pants in mid jump playing a guitar .
2749228652.jpg| 2| A band is rocking out on stage , looking completely focused .
2749228652.jpg| 3| A man is playing his guitar while jumping up in down .
2749228652.jpg| 4| Two men and their band are performing live on stage .
2750832671.jpg| 0| A black dog plays with a white and blue colored stuffed animal .
2750832671.jpg| 1| A doberman jumping in the air playing with a toy
2750832671.jpg| 2| A black and tan dog plays with a stuffed toy .
2750832671.jpg| 3| Black dog playing with a white and blue toy .
2750832671.jpg| 4| A dog playing with its toy .
2766630484.jpg| 0| A dog with its tongue out is trying to look up the tree .
2766630484.jpg| 1| A dog is perched up against a tree looking at the top .
2766630484.jpg| 2| A dog looking up a tree with his tongue hanging out .
2766630484.jpg| 3| A brown , black , and white dog barking up a tree .
2766630484.jpg| 4| A brown and black dog by a tree
2775249812.jpg| 0| A girl in a white coat stands in the middle of a fountain and a boy in the background laughs .
2775249812.jpg| 1| A girl wearing a white coat stands in the middle of sprinklers .
2775249812.jpg| 2| A wet young girl in a white coat stands among water fountains .
2775249812.jpg| 3| a woman in a white coat is standing amidst some fountains
2775249812.jpg| 4| A girl wearing a white coat standing in a fountain .
2803337740.jpg| 0| A tailor uses a long pole to search for a certain piece of fabric suspended above him .
2803337740.jpg| 1| A man in a white shirt and gray pants is working in an outdoor clothing store .
2803337740.jpg| 2| A man is offering different kinds of clothes for sale .
2803337740.jpg| 3| A man tending to the clothing in his outdoor shop .
2803337740.jpg| 4| A man reaching up towards hanging clothing .
281754914.jpg| 0| The little boy in a yellow , striped shirt stands in some tall grass .
281754914.jpg| 1| Boy in striped shirt standing among the tall grasses .
281754914.jpg| 2| A kid hides from the camera in the overgrown bushes .
281754914.jpg| 3| A little boy standing in very tall green grass .
281754914.jpg| 4| A boy in a yellow polo standing in tall grass
2830880811.jpg| 0| The tan and white dog is running outside with a tennis ball in its mouth .
2830880811.jpg| 1| A small dog with a tennis ball in its mouth playing in a driveway .
2830880811.jpg| 2| A dog is running while catching a tennis ball in its mouth .
2830880811.jpg| 3| a small dog catches a tennis ball in its mouth .
2830880811.jpg| 4| A dog catches a tennis ball .
28318644.jpg| 0| A little boy in a dark t-shirt and jeans is taking great enjoyment standing near an outdoor fountain .
28318644.jpg| 1| A small boy reaches up into a spray of water from a fountain , while a rainbow forms behind him .
28318644.jpg| 2| A small child standing under a spraying water fountain .
28318644.jpg| 3| A little boy looking at the shooting water fountain .
28318644.jpg| 4| A young child points at a large spray fountain .
2834103050.jpg| 0| People dressed in bathing suits , dresses and shorts are on the beach , near an exhibit .
2834103050.jpg| 1| A woman with a green sunshade is passing a sales merchant on the beach .
2834103050.jpg| 2| Many people are walking along the beach on a clear day .
2834103050.jpg| 3| People standing on a beach , one under a green umbrella
2834103050.jpg| 4| A beach with people standing on the sand
2839807428.jpg| 0| A dog is jumping up to catch a Frisbee in front of white tents at a dog show .
2839807428.jpg| 1| A collie catches a white Frisbee at an obedience competition .
2839807428.jpg| 2| Black dog jumping into the air to catch a Frisbee .
2839807428.jpg| 3| A dog jumps to catch a Frisbee as a man watches .
2839807428.jpg| 4| Dog jumping high in the air to catch a Frisbee .
2853205396.jpg| 0| A little white and brown dog is running in the water .
2853205396.jpg| 1| A black and white dog is jumping into the water .
2853205396.jpg| 2| A white and black dog leaps into water .
2853205396.jpg| 3| a white dog runs across the water .
2853205396.jpg| 4| A dog runs and plays in the water .
2854291706.jpg| 0| A man and a woman are wearing black and looking at something on the sidewalk .
2854291706.jpg| 1| A man puts his arm around a woman as they look at signs on the street .
2854291706.jpg| 2| Interracial couple stand together looking at a display on street
2854291706.jpg| 3| a man and women looking at magazines in a window .
2854291706.jpg| 4| A man and a woman standing in front of signs .
2869439070.jpg| 0| A young boy standing in the sand next to a sculpture of a pyramid that made out of the sand .
2869439070.jpg| 1| A young boy is standing next to a sand sculpture of a pyramid .
2869439070.jpg| 2| A little boy is standing by a sand castle .
2869439070.jpg| 3| A young boy stands near a sand pyramid .
2869439070.jpg| 4| A child standing near a sand pyramid
2937461473.jpg| 0| Group of asian children dressed in white shirts and hats performing with a crowd looking on .
2937461473.jpg| 1| A bunch of children in white are doing a dance routine while another person jumps rope .
2937461473.jpg| 2| A small child jumping rope as other children clap their hands over their heads nearby .
2937461473.jpg| 3| A crowd of children in white shirts , black shorts and white hats jumping rope .
2937461473.jpg| 4| Several children are all engaging in excersise
2944836001.jpg| 0| A man wearing glasses and his black and white dog wearing a black collar are playing with a tennis ball .
2944836001.jpg| 1| Man with dog who is jumping to catch tennis ball .
2944836001.jpg| 2| Man holding a ball while a dog jumps up for it
2944836001.jpg| 3| A man is playing with a black and white dog .
2944836001.jpg| 4| A black dog leaps for a ball held by a man .
3003303050.jpg| 0| A group of six women , with children sitting on the floor behind them , are at work in individual work spaces with privacy dividers between them .
3003303050.jpg| 1| People completing a ballot while children are sitting behind them on the floor watching .
3003303050.jpg| 2| Adults are voting while children wait behind them .
3003303050.jpg| 3| The people standing up along the wall are voting .
3003303050.jpg| 4| Six people casting their ballot in an election .
301175450.jpg| 0| People , including one in a wheelchair , are crossing a city street in a crosswalk .
301175450.jpg| 1| A man in a gray jacket walking down the sidewalk in the city .
301175450.jpg| 2| A group of people walking under a streetlight that is green .
301175450.jpg| 3| Pedestrians pass by a firetruck and street workers .
301175450.jpg| 4| People are walking down a busy city street .
3018255724.jpg| 0| Two football teams are playing against each other , one team wearing burgundy with gold helmets and the other team wearing black and yellow uniforms with black helmets .
3018255724.jpg| 1| There is a group of football players , several in maroon and gold and the others in yellow and black on a grass field with a referee in white and black .
3018255724.jpg| 2| The maroon team faces off against the yellow team at the line of scrimmage in a youth football game .
3018255724.jpg| 3| Young boys line up at the line of scrimmage during a football game on a gray day .
3018255724.jpg| 4| Football players square off before a play .
3069701112.jpg| 0| Men dressed in naval whites are saluting a Navy office walking down a red carpet .
3069701112.jpg| 1| Navy men stand along a red carpet and salute as their superior walks by .
3069701112.jpg| 2| A group of men in navy uniforms saluting each other .
3069701112.jpg| 3| Several navy men saluting an officer walking by .
3069701112.jpg| 4| The troops salute their captain .
3093533301.jpg| 0|" A line of protesters are walking in the street , holding signs that say "" Our Children , Our Future "" ."
3093533301.jpg| 1| The people walking in the street are demonstrating for children 's rights .
3093533301.jpg| 2| Women and men protesting outside on a sunny day with signs .
3093533301.jpg| 3| A demonstration for a very strongly held point of view .
3093533301.jpg| 4| A crowd of protesters standing in a street .
3101796900.jpg| 0| A lack dog and a brown and white dog run on a gravel surface with something red underfoot .
3101796900.jpg| 1| A large brown dog and a larger black dog playing together with a ball .
3101796900.jpg| 2| A brown dog and a black dog are playing with a red Frisbee .
3101796900.jpg| 3| A large black dog in the dirt with a small brown dog .
3101796900.jpg| 4| Two dogs are chasing a ball .
3144705706.jpg| 0| An child playing in a pile of snow on a street while an adult watches .
3144705706.jpg| 1| Two young girls dressed in winter clothes play in a mound of snow .
3144705706.jpg| 2| Two children play in the snow by the side of the road .
3144705706.jpg| 3| Child playing in a snow mound in the street .
3144705706.jpg| 4| Children play in a pile of snow .
3150666056.jpg| 0| A construction worker stands beside a large yellow tube , next to scaffolding on a city street .
3150666056.jpg| 1| A man is working in a construction site on the dirt removal section .
3150666056.jpg| 2| The man works in a big plant and he is checking their work .
3150666056.jpg| 3| A man stands in the street outside of scaffolding .
3150666056.jpg| 4| A man looks down toward the ground .
3154641421.jpg| 0| Basketball player with 32 on jersey jumps to make a shot , crowd in background .
3154641421.jpg| 1| A black man playing basketball with orange shoes
3154641421.jpg| 2| A basketball player preparing to shoot the ball
3154641421.jpg| 3| A basketball player takes a shot .
3154641421.jpg| 4| Miami basketball player shooting
3193022401.jpg| 0| Two dancers on a dance floor with a rainbow of colored lights projected onto the floor and Christmas trees in the background .
3193022401.jpg| 1| A dance couple dancing on a dance floor with strobe lights flashing .
3193022401.jpg| 2| A man and a woman performing at a christmas dinner .
3193022401.jpg| 3| Two dancers wearing mainly black prepare to dance .
3193022401.jpg| 4| Ballroom dancers in the midst of a dance .
3207343907.jpg| 0| A crowd gathered at an ice skating park in the winter .
3207343907.jpg| 1| A crowd of people ice skating outside in winter .
3207343907.jpg| 2| A large crowd of people ice skating outdoors .
3207343907.jpg| 3| A lot of people iceskate on a cold day .
3207343907.jpg| 4| A large crowd of people ice skating .
3210419174.jpg| 0| Two women of African descent , a dark-skinned man and western man in a white shirt posing for a photograph .
3210419174.jpg| 1| Two guys pose with two women , everyone is wearing black and white .
3210419174.jpg| 2| Several people are hugging each other inside a bar .
3210419174.jpg| 3| A group of young people smile for the camera .
3210419174.jpg| 4| some people at a part gather to take a picture
3227620119.jpg| 0| A young woman in a yellow shirt runs across a grassy field in competition .
3227620119.jpg| 1| Girl in yellow shirt with the number 1299 on it running in the grass .
3227620119.jpg| 2| The girl wearing number 1299 has a yellow shirt .
3227620119.jpg| 3| A runner in a yellow shirt is running a race .
3227620119.jpg| 4| A female athlete runs with a scraped knee .
3269841412.jpg| 0| A drunken woman in a blue dress , black tights , and black leather pumps , laying on a couch , smoking a cigarette , laughing .
3269841412.jpg| 1| A drunken woman laughs as she lays on a small cough .
3269841412.jpg| 2| A laughing woman is sitting on a patterned couch .
3269841412.jpg| 3| A woman is laying down on a sofa laughing .
3269841412.jpg| 4| A lady is laying on a brown plaid couch .
327997381.jpg| 0| The woman who is standing is looking at the hair of the woman who is sitting .
327997381.jpg| 1| A hair dresser is applying permed on a client 's hair in a salon .
327997381.jpg| 2| A woman in a salon gets her hair colored and permed
327997381.jpg| 3| Woman in salon is giving her customer a perm .
327997381.jpg| 4| A woman is getting her hair done at a salon .
3285993030.jpg| 0| A black dog is running along a muddy stream surrounded by fall foliage .
3285993030.jpg| 1| Fuzzy dark gray dog running along a dirt path with weeds on the sides .
3285993030.jpg| 2| A curly clack dog is running down a natural path .
3285993030.jpg| 3| Dark colored dog leaping down a path .
3285993030.jpg| 4| A black dog is running down a path .
3307881214.jpg| 0| Man in red and white top hat walks past dilapidated sign for disco club .
3307881214.jpg| 1| A man in a wig and red and white hat walks past a disco club .
3307881214.jpg| 2| A man in a striped hat walks by a disco establishment .
3307881214.jpg| 3| A man wearing a hat in front of a disco club .
3307881214.jpg| 4| This is the entrance to a disco club .
3344411431.jpg| 0| A band , wearing matching shirts , is playing music with a brick wall behind them .
3344411431.jpg| 1| Several men dressed in back jumpsuits sing and play instruments .
3344411431.jpg| 2| A group of men sing and play instruments .
3344411431.jpg| 3| Four band members singing and playing .
3344411431.jpg| 4| Band plays in tight quarters .
3364797223.jpg| 0| Guys and girls are standing around holding black flags with Asian characters .
3364797223.jpg| 1| A group of happy young men and women hold flags with Chinese writing on them .
3364797223.jpg| 2| A group of young Asian boys and girls holding black flags .
3364797223.jpg| 3| A group of Asian teenagers are holding flags on a street .
3364797223.jpg| 4| several young asian people carrying black and white flags
3377570617.jpg| 0| Two women with long hair and large-boned physiques are posing for a camera in front of trees .
3377570617.jpg| 1| Two older women smiling and standing in front of large trees , one woman is fixing her hair .
3377570617.jpg| 2| Two middle-aged heavyset woman standing next to each other and smiling at the camera .
3377570617.jpg| 3| Two middle-aged women stand for a picture near a forest .
3377570617.jpg| 4| two ladies posing for a picture
3379639763.jpg| 0| Several people , including a person in a wheelchair , in front of a large silver dome structure with water shooting out of various spouts and flowing down onto the ground .
3379639763.jpg| 1| A group of people , one in a wheelchair , look at a dome shaped fountain .
3379639763.jpg| 2| A group of people stand in front of a large , silver fountain .
3379639763.jpg| 3| A group of people are gathering around an urban water park .
3379639763.jpg| 4| A small group of people look at an artistic water fountain .
3380929595.jpg| 0| A young child is getting his or her haircut in a salon .
3380929595.jpg| 1| A little boy at having his haircut at a barber shop .
3380929595.jpg| 2| A blond-haired little boy getting a haircut .
3380929595.jpg| 3| A small blond child getting a haircut .
3380929595.jpg| 4| A child is getting their haircut .
3389458786.jpg| 0|" A roomful of students who appear to all be Asian are gathered around different tables , with the foregrounded table having a placard reading "" New York City "" placed in the center of it ."
3389458786.jpg| 1| Two young Asians , a girl and a boy , dressed up in suits , are sitting at a table and appear to be studying .
3389458786.jpg| 2| Asian students wearing blazers sit at different tables and look at books .
3389458786.jpg| 3| A couple of Asians working together on an assignment .
3389458786.jpg| 4| There are a bunch of students studying hard .
3429391520.jpg| 0| A helmeted boy on a bike flies through the air as he rides among dirt hills with a river in the background .
3429391520.jpg| 1| Bike rider doing a high jump over hilly track , water in background .
3429391520.jpg| 2| This helmeted person is doing a stunt on a bicycle outdoors .
3429391520.jpg| 3| A man is doing a stunt outside on his bike
3429391520.jpg| 4| A bicyclist catches some air
3435371117.jpg| 0| Several people walking on the sidewalk by a fence with one man standing with a backpack .
3435371117.jpg| 1| Several people are walking beside a white fence in a foreign country .
3435371117.jpg| 2| People are walking and waiting by a white fence in town .
3435371117.jpg| 3| A woman in a pink jacket walks down the sidewalk .
3435371117.jpg| 4| Lots of people walking down a street .
3449846784.jpg| 0| A dog is up on its backlegs trying OT catch a ball above its head .
3449846784.jpg| 1| A dog plays catch with a white ball near a wooden fence .
3449846784.jpg| 2| A black dog looks up at a white ball that 's in midair .
3449846784.jpg| 3| A black and white dog catching a baseball in midair .
3449846784.jpg| 4| A black and white dog is playing with a white ball .
3455898176.jpg| 0| A large tri-colored dog clears a green , yellow and white jump set up in the grass .
3455898176.jpg| 1| Brown dog jumping over a bar on a grassy field .
3455898176.jpg| 2| A brown dog jumping over an obstacle hurdle .
3455898176.jpg| 3| Brown dog jumping over a hurdle .
3455898176.jpg| 4| A dog jumps over a hurdle .
3486324591.jpg| 0| A young boy runs along the grass as two geese begin to fly away .
3486324591.jpg| 1| A child is playing with two white and black geese .
3486324591.jpg| 2| A child laughs as he plays with a large bird .
3486324591.jpg| 3| A boy with a Mohawk chasing geese in a park .
3486324591.jpg| 4| A young boy chases away two Canadian geese .
3488894222.jpg| 0| A man standing by a tree in front of his home in the mountains holding a jar with a yellow substance in it .
3488894222.jpg| 1| Man in denim shirt and tan pants with cowboy hat holds a jar in front of a house .
3488894222.jpg| 2| An older man dressed like a cowboy standing outside a country home .
3488894222.jpg| 3| A man in a cowboy hat holds a yellow jar while leaning on a tree .
3488894222.jpg| 4| A man holds on to the tree while holding a yellow container .
3489084190.jpg| 0| a man , holding a baby and smiling , sitting in the pews of a church .
3489084190.jpg| 1| A man in blue smiles while holding a baby in a light blue shirt .
3489084190.jpg| 2| A man smiles while he holds a newborn in a church pew .
3489084190.jpg| 3| A man is joyfully holding an infant inside a church .
3489084190.jpg| 4| A happy man is holding a young infant in a church .
351876121.jpg| 0| A big , brown dog is sleeping next to a small black and white cat .
351876121.jpg| 1| A dog and cat are snuggling up during a nap .
351876121.jpg| 2| A dog and cat laying down together .
351876121.jpg| 3| A small cat laying with a large dog
351876121.jpg| 4| A cat sleeps nestled up to a dog .
3525453732.jpg| 0| An owl has its wings up and widespread during the day .
3525453732.jpg| 1| A pale owl is flying outside in the daytime .
3525453732.jpg| 2| The bird has its wings spread as it flies .
3525453732.jpg| 3| A bird flies low with its wings spread .
3525453732.jpg| 4| An owl is in flight .
3573202338.jpg| 0| a young girl doing gymnastics on the shore of a beach while another is walking deeper into the beach .
3573202338.jpg| 1| A girl does a side bend in the surf , another girl behind her , the sun setting .
3573202338.jpg| 2| Two girls in swimsuits are playing in the water near the seashore .
3573202338.jpg| 3| Two girls wade in the surf , and one shows of her flexibility .
3573202338.jpg| 4| Two girls playing on the beach .
3597924257.jpg| 0| A brown dog runs through a field of grass spotted with yellow flowers
3597924257.jpg| 1| A brown and white dog runs in a field of yellow flowers .
3597924257.jpg| 2| The tan and white dog is running in the field .
3597924257.jpg| 3| A brown dog running at a lean across a lawn .
3597924257.jpg| 4| The brown dog runs through the field .
3606810899.jpg| 0| A man with gray hair and a gray shirt plays the drums .
3606810899.jpg| 1| Male drummer sitting behind his drums on stage .
3606810899.jpg| 2| A man wearing a blue shirt is playing drums .
3606810899.jpg| 3| Man in glasses playing a TAMA drum set .
3606810899.jpg| 4| A man with gray hair playing the drums .
3613585080.jpg| 0| A woman with scarves in her head sits with 3 others staring at the camera with no expression .
3613585080.jpg| 1| Woman with blue robe and headwear is sitting with other women .
3613585080.jpg| 2| A group of women in native garb sit on the floor .
3613585080.jpg| 3| A collection of women sitting on the ground .
3613585080.jpg| 4| Five people sitting down .
3642604708.jpg| 0| A boy toddler play outside on a clothes rack full of tied dye shirts .
3642604708.jpg| 1| A boy in a blue shirt hanging on a rack of clothes .
3642604708.jpg| 2| A young boy is hanging onto a clothing rack .
3642604708.jpg| 3| A toddler is looking at clothes on a rack .
3642604708.jpg| 4| A boy is playing on a clothing rack .
3652207174.jpg| 0| The sky is very blue and the grass is very green at a golf course while a girl looks into a golf hole for a ball .
3652207174.jpg| 1| A blond lady is picking up balls out of the putting hole on a mini-golf course .
3652207174.jpg| 2| A blond woman is holding 2 golf balls while reaching down into a golf hole .
3652207174.jpg| 3| A blond-haired woman wearing sunglasses is playing mini-golf
3652207174.jpg| 4| A woman retrieving balls from a miniature golf hole .
3665549027.jpg| 0| Two brown dogs are playing with each other on the grass , with one dog laying on its side .
3665549027.jpg| 1| A brown dog is rolling over in the grass while a white and brown dog stands next to it .
3665549027.jpg| 2| A brown dog is playing with a white and brown dog in a grassy and treed area .
3665549027.jpg| 3| A brown dog lies on its back fighting with a brown and white dog .
3665549027.jpg| 4| The two dogs are playing in the yard .
3677734351.jpg| 0| A man with a white t-shirt and a woman with a sleeveless dress walk down a dirt road together holding hands .
3677734351.jpg| 1| a man and woman are walking whilst holding hands down a leafy lane .
3677734351.jpg| 2| a man and a woman walking down a sandy path surrounded by trees
3677734351.jpg| 3| A man and woman walk side by side down the road .
3677734351.jpg| 4| A couple walking and holding hands .
367890260.jpg| 0| Three children wearing winter coats look through a telescope .
367890260.jpg| 1| Three children in winter clothing using a telescope outdoors .
367890260.jpg| 2| Three children look through a telescope in the forest .
367890260.jpg| 3| Kids outside in winter clothes handling a telescope .
367890260.jpg| 4| Young children play with a telescope .
3698350607.jpg| 0| A girl , a boy , and a woman all stand next to bushes while looking at something .
3698350607.jpg| 1| A girl , a boy , and a woman looking in the same direction .
3698350607.jpg| 2| A woman and two children stand in front of plants .
3698350607.jpg| 3| A woman and two children are standing by a tree .
3698350607.jpg| 4| A family enjoys the outside .
3730944181.jpg| 0| Lots of people are walking on the road near several white buildings towards Nationals Park .
3730944181.jpg| 1| Several people walking on the pavement , the three closest all wearing red shirts .
3730944181.jpg| 2| A group of people are entering a sports stadium .
3730944181.jpg| 3| A group of people waking towards a ball park .
3730944181.jpg| 4| Americans go to a baseball game .
3744832122.jpg| 0| A young baseball player winds up to throw the ball .
3744832122.jpg| 1| A young person pitches in a baseball game .
3744832122.jpg| 2| The baseball player is throwing the ball .
3744832122.jpg| 3| A boy pitches in a baseball game .
3744832122.jpg| 4| A boy winding up for a pitch .
3747212986.jpg| 0| A group of people on different colored boats enjoys a great day on the water .
3747212986.jpg| 1| A group of kayakers are paddling on a calm river in an industrial area .
3747212986.jpg| 2| There is a canoe competition as many canoers are rowing their canoes .
3747212986.jpg| 3| A group of colorful kayaks paddling through the water
3747212986.jpg| 4| Group of people kayaking on a sunny day .
3751534238.jpg| 0| A man with red shades on is holding a blowtorch while touching some type of sculpture with two onlookers .
3751534238.jpg| 1| A man crouches in front of a sculpture while holding a blowtorch and a paintbrush .
3751534238.jpg| 2| A man is working on a sculpture with a paintbrush and a torch .
3751534238.jpg| 3| A father and son watch a man welding on a statue .
3751534238.jpg| 4| A man in sunglasses is painting a sculpture .
3754588617.jpg| 0|" Two young girls are playing on swings , and one is holding the other girls swing "" still . """
3754588617.jpg| 1| two teenage girls take turns helping each other on the swings in the park .
3754588617.jpg| 2| Two girls enjoy themselves on a swing ride .
3754588617.jpg| 3| Two girls are swinging in harnessed rides .
3754588617.jpg| 4| Two women are swinging on a ride .
3802499653.jpg| 0| A man walking on a dirt road with a palm tree in the distance .
3802499653.jpg| 1| A man walking down a street lined with palm trees .
3802499653.jpg| 2| Man walking down street with food in his hand .
3802499653.jpg| 3| A man wearing sandals walking down the street .
3802499653.jpg| 4| A man walks down a dusty road .
3825927201.jpg| 0| A young male wearing a blue button up shirt is playing on a acoustic guitar .
3825927201.jpg| 1| Man with blue shirts and khaki pants plays the guitar .
3825927201.jpg| 2| A man in a blue shirt and khakis is playing a guitar .
3825927201.jpg| 3| A man is playing an acoustic guitar outside .
3825927201.jpg| 4| A man playing an acoustic guitar .
3883179400.jpg| 0| A yellow taxi and a person riding a bicycle travel in the same direction .
3883179400.jpg| 1| A single man riding a bike with red brick buildings in the background .
3883179400.jpg| 2| A person is riding a bike in front of brick buildings .
3883179400.jpg| 3| A man in a white shirt riding his bike in the city .
3883179400.jpg| 4| A person is riding a bike on a shady sidewalk .
390992388.jpg| 0| A girl treks through the snow with her backpack on .
390992388.jpg| 1| A hiker using hiking poles on a snowy mountain .
390992388.jpg| 2| Someone hikes through a snowy mountain range
390992388.jpg| 3| A hiker is climbing up a snowy mountain .
390992388.jpg| 4| The woman is hiking up a snowy hill .
39397486.jpg| 0| A mall blond child sits at a table and pushes his nose and chin into a plate of food .
39397486.jpg| 1| A young boy with light brown hair putting his face into his meal .
39397486.jpg| 2| A young boy presses his face into his plate of food .
39397486.jpg| 3| A kid eating out of a plate without using his hands .
39397486.jpg| 4| A young child with his face in his plate .
3944001513.jpg| 0| A man reads the newspaper while holding a sign advertising a menswear liquidation sale .
3944001513.jpg| 1| A man wearing a white shirt and a blue jeans reading a newspaper while standing
3944001513.jpg| 2| A man with advertising signs stands on the sidewalk reading a newspaper .
3944001513.jpg| 3| A man prepares to put on a sandwich board advertising an Ebay business .
3944001513.jpg| 4| A man in a white shirt holds a sign while reading a newspaper .
39490282.jpg| 0| A young black man wearing no shirt and low-riding jeans is popping a wheelie on a bicycle while listening to music through an earbud .
39490282.jpg| 1| A shirtless man pulls back on his bike handlebars to do a wheelie on his bike .
39490282.jpg| 2| A shirtless guy performing a trick on a small bicycle .
39490282.jpg| 3| A young black man rides a small bicycle on one wheel .
39490282.jpg| 4| A man without a shirt on is riding a bicycle .
395125320.jpg| 0| A number of people are doing a synchronized martial arts performance in the street .
395125320.jpg| 1| The crowd along the city street is watch performers with long wood poles .
395125320.jpg| 2| A group of men in white shirts perform in a parade .
395125320.jpg| 3| Martial artist with rods performing in a parade .
395125320.jpg| 4| A dance group performs in a parade in china .
40202068.jpg| 0| An older man in a dark blue shirt and an older woman in a beige blazer share a meal and look at one another .
40202068.jpg| 1| A man wearing a dark colored shirt is sitting at a table with a woman wearing a scarf .
40202068.jpg| 2| A man and woman share a meal at a table .
40202068.jpg| 3| An older man and women having dinner
40202068.jpg| 4| A couple share wine and dinner .
4088588261.jpg| 0| Soldiers with hard hats standing along side what appears to be local civilians , while listening to another soldier with a regular soldier cap reading some sort of material .
4088588261.jpg| 1| These soldiers are making a presentation in front of an audience .
4088588261.jpg| 2| Civilians and military personnel gather outside a building .
4088588261.jpg| 3| A group of woman stands near a group of Army men .
4088588261.jpg| 4| Man from the army speaking with civilian women .
4095536845.jpg| 0| There are two policemen walking down a semi-crowded street with batons along side a man wearing a blue and white plaid shirt .
4095536845.jpg| 1| Foreign militants or authorities keeping peace and order on a neighborhood street .
4095536845.jpg| 2| Two men in black uniforms are walking next to a bald man a collared shirt .
4095536845.jpg| 3| Two members of a security teams walk a street in sunny weather .
4095536845.jpg| 4| Two uniformed men walking down the street .
4126111436.jpg| 0| A man is giving directions at a helicopter landing pad aboard an aircraft carrier .
4126111436.jpg| 1| The man is giving directions to keep everyone safe by the helicopter .
4126111436.jpg| 2| Men wearing colorful jackets are around a landed helicopter .
4126111436.jpg| 3| Several men rush stand and walk around a helicopter .
4126111436.jpg| 4| Seven men are preparing to operate a helicopter
4139499756.jpg| 0| Several people in a large crowd are taking pictures of something above them .
4139499756.jpg| 1| A group of people are looking at something in the sky and taking pictures .
4139499756.jpg| 2| Crowd of people stare up and take photos of something .
4139499756.jpg| 3| A large group of people are looking upwards .
4139499756.jpg| 4| A gathering of people taking pictures .
421706022.jpg| 0| A police officer stands between dragons in a Chinese New Year celebration .
421706022.jpg| 1| A man in black stands between two huge soft toys at a fairground .
421706022.jpg| 2| This policeman is standing in front of a ride at a carnival .
421706022.jpg| 3| a police officer in the middle of a parade
421706022.jpg| 4| A police officer keeps watch a parade .
422787743.jpg| 0| Man with a lit cigarette in mouth , yellow baseball cap turned backwards , and yellow shirt over an orange polo shirt , helping another man with carrying slabs of concrete .
422787743.jpg| 1| a man wearing yellow smokes a cigarette while a man wearing dirty clothing helps him pull something apart .
422787743.jpg| 2| Two men , one with yellow shirt and hat , are using a two-person saw .
422787743.jpg| 3| Two men in casual clothing are moving crushed blocks of cans .
422787743.jpg| 4| Two men work to move a slab of stone .
425518464.jpg| 0| a person wearing a white hooded sweatshirt covered with a blanket sitting on a bench reading
425518464.jpg| 1| The person wearing the white sheet and white hoodie sits on the bench reading .
425518464.jpg| 2| Woman wrapped in blanket sits on bench and reads in park .
425518464.jpg| 3| A woman sits on a bench reading a newspaper .
425518464.jpg| 4| A woman reads a paper on a bench in a park .
4267206607.jpg| 0| A man and woman are having drinks at a counter whose wall decorated with vintage black and white photos .
4267206607.jpg| 1| A man and a woman discussing something over drinks at a bar .
4267206607.jpg| 2| A man and a woman at a bar discussing interesting topics .
4267206607.jpg| 3| A man and woman are sitting down and facing each other .
4267206607.jpg| 4| A woman and a man are talking at a bar .
4301233985.jpg| 0| A crowded place with people who are taking pictures and listening to someone speak .
4301233985.jpg| 1| A man takes a photo in a crowd of people while standing in a city square .
4301233985.jpg| 2| A married man is taking pictures while standing in a crowd of people .
4301233985.jpg| 3| A large crowd is attending an event and taking pictures .
4301233985.jpg| 4| A group of reporters are crowding around .
4348808646.jpg| 0| A woman teaching a young boy how to use a pottery wheel in an art class .
4348808646.jpg| 1| A woman and a little girl are making something at a pottery wheel .
4348808646.jpg| 2| An Asian woman with a small boy on her lap making a ceramic pot .
4348808646.jpg| 3| Pottery can be enjoyed by even the very young at heart .
4348808646.jpg| 4| Mother teaching daughter how to make pottery .
4379561906.jpg| 0| A group of people wearing name tags gather round in a conference room watching in front of them .
4379561906.jpg| 1| A large group of people in a room , smiling and laughing .
4379561906.jpg| 2| Many people are smiling as they gather in a room .
4379561906.jpg| 3| People are gathered together watching something .
4379561906.jpg| 4| A group of people are standing inside an office
4442382200.jpg| 0| A man with black and white gloves holds a cross with a crucified Jesus on it in a street .
4442382200.jpg| 1| This man seems to be trying to make some kind of political statement in a busy city .
4442382200.jpg| 2| A man is holding a cross with a photo of Jesus on it .
4442382200.jpg| 3| A man holding a crucifix in the middle of the road .
4442382200.jpg| 4| Priest showing his love of Jesus with a cross .
4443084131.jpg| 0| All the people sitting on the subway are reading , except for one man who is checking his phone .
4443084131.jpg| 1| Several people on the subway reading the newspaper .
4443084131.jpg| 2| A woman is intently reading a paper on the subway .
4443084131.jpg| 3| Several people reading newspapers on the subway .
4443084131.jpg| 4| People on a subway read their newspapers .
4443437862.jpg| 0| A woman carrying a bag with a little girl in a pink dress walking behind her and a man in a blue shirt walking towards her .
4443437862.jpg| 1| A person walks outside carrying a bag , while a young girl in pink walks behind her .
4443437862.jpg| 2| A lady wearing a dark outfit and carrying a white bag is walking along a street .
4443437862.jpg| 3| A woman walking home from the market in a dirty neighborhood .
4443437862.jpg| 4| A woman is walking and holding a plastic bag .
4448064784.jpg| 0| A tall black man in yellow pants shows his rollerskating skills , while pedestrians watch .
4448064784.jpg| 1| Young men skateboard under the trees , through cones and passersby .
4448064784.jpg| 2| A man on rollerblades skates around some cones on a wide walkway .
4448064784.jpg| 3| A Man with tan pants RollerBlading .
4448064784.jpg| 4| Man rollerskating in park .
4450153946.jpg| 0| A young man wearing a blue , yellow , and white striped polo plays rugby on a green grass field .
4450153946.jpg| 1| A young man in a striped shirt plays rugby .
4450153946.jpg| 2| A guy playing with the ball on the field .
4450153946.jpg| 3| A young man about to throw a football .
4450153946.jpg| 4| A brunette man playing rugby .
4541769119.jpg| 0| An African American man wearing a black leather jacket and fedora is speaking on his cellphone and holding a large camera with a flash bulb .
4541769119.jpg| 1| A black man is talking on his cellphone and is holding a vintage camera .
4541769119.jpg| 2| A man dressed in black holding a cellphone , and a huge antique camera .
4541769119.jpg| 3| A man with an old fashioned camera talks on a cellphone .
4541769119.jpg| 4| An African with an old magnesium flash camera .
4594797592.jpg| 0| Small girl in a pink dress is playing electronic drum pads with sticks .
4594797592.jpg| 1| A girl in a pink dress playing with a toy drum set .
4594797592.jpg| 2| A little girl in pink playing the drums .
4594797592.jpg| 3| A girl in pink plays the drums .
4594797592.jpg| 4| young girl playing the drums .
4612748992.jpg| 0| Two children wearing sweater and pants are walking across the water on a stone path .
4612748992.jpg| 1| A young boy and girl cross square stepping stones over a body of water .
4612748992.jpg| 2| A young boy and a younger girl walking across water on stepping stones
4612748992.jpg| 3| Two children are using concrete blocks to walk across water .
4612748992.jpg| 4| The two kids are walking over the water .
4615757994.jpg| 0| An african american man has on a brown hat and wearing a brown button shirt holding a microphone as he sings .
4615757994.jpg| 1| A man in a red cap singing ( or talking ) into a microphone during the day with trees in the background .
4615757994.jpg| 2| A man wearing a red hat is holding an instrument up to his mouth .
4615757994.jpg| 3| A black man in a brown shirt and hat speaks into a microphone .
4615757994.jpg| 4| a black male with a red hat holding a microphone .
4634099785.jpg| 0| A man in a black jacket with black pants is walking down a street of buildings .
4634099785.jpg| 1| A man in a black jacket is walking his small dog in a quaint neighborhood .
4634099785.jpg| 2| A balding man is walking down a narrow roadway in a foreign country .
4634099785.jpg| 3| A man is walking in front of the buildings on the road .
4634099785.jpg| 4| A man walking down the street .
4653846744.jpg| 0| A man and a woman are walking on the grass with the American flags on either side of them
4653846744.jpg| 1| An elderly couple is walking in between a large row of American flags .
4653846744.jpg| 2| An elderly couple is walking in a field filled with American flags .
4653846744.jpg| 3| An old man and lady on grass in between rows of American flags .
4653846744.jpg| 4| old couple walking through a field .
4660628405.jpg| 0| A male dancer lifts the female dancer as she arches her back and lifts her legs .
4660628405.jpg| 1| This photograph captured a man and a woman skating in an intertwining pose .
4660628405.jpg| 2| A man and a woman doing an ice skating performance .
4660628405.jpg| 3| A pair of ice skaters doing a routine on the ice .
4660628405.jpg| 4| A man and a woman is dancing together
4665413015.jpg| 0| Two men wearing orange robes and sandals are standing in front of the Bean in Millenium Park , Chicago .
4665413015.jpg| 1| Two men dressed in dark orange coverings and sandals stand near a large reflective sculpture .
4665413015.jpg| 2| Two men standing in front of the bean in Chicago .
4665413015.jpg| 3| Two men in robes next to a large structure .
4665413015.jpg| 4| Two monks are visiting a big city .
4674137230.jpg| 0| A single motorcycle stops at a crosswalk while the parking area to the left of it is filled with parked bicycles and motorcycles .
4674137230.jpg| 1| A motorcyclist stops at an empty crosswalk , while thirty or forty motorcycles and bicycles sit parked in the street beside him .
4674137230.jpg| 2| A group of motorcycles and scooters are parked together in a lot in the middle of a street .
4674137230.jpg| 3| A line of motorcycles are parked on a divider in the middle of a city street .
4674137230.jpg| 4| A city street is lined with parked motorcycles .
468911753.jpg| 0| A dog running through the grass with a stick in his mouth .
468911753.jpg| 1| the brown and white dog is carrying a stick in his mouth .
468911753.jpg| 2| The brown dog is running away with a stick in its mouth .
468911753.jpg| 3| A brown and white dog runs away carrying a big stick .
468911753.jpg| 4| Dog fetching huge stick .
4696935973.jpg| 0| A blond woman with a pink shirt and black leather pants holds a camera on a running track .
4696935973.jpg| 1| A girl with black pants on is lowering a camera onto the running track .
4696935973.jpg| 2| A camerawoman in black pants is bent over carrying a camera .
4696935973.jpg| 3| A girl is bent down with a video camera in hand .
4696935973.jpg| 4| A blond holding camera equipment near a track .
4704975006.jpg| 0| A man sleeps in front of a painted blue wall with green graffiti .
4704975006.jpg| 1| a person takes a nap on the sidewalk , underneath some graffiti .
4704975006.jpg| 2| A man in dirty clothes sleeps against a blue wall with graffiti .
4704975006.jpg| 3| This man is laying on the sidewalk beneath graffiti on a wall .
4704975006.jpg| 4| A man sleeping on the sidewalk under blue and green graffiti .
4717112737.jpg| 0| A large crowd of people are walking around a woman wearing an orange wig and a long blue dress .
4717112737.jpg| 1| A person with a bright orange wig and teal dress stands in a large crowd of people .
4717112737.jpg| 2| A woman with bright orange hair and a blue-green dress is walking on the pavement .
4717112737.jpg| 3| A lady with bright orange hair walking in a crowd .
4717112737.jpg| 4| There are lots of people walking to go somewhere .
4763056591.jpg| 0| A man in an orange shirt and gray pants with white paint on them looks at the camera while standing near an orange ladder and a gray and white brick wall .
4763056591.jpg| 1| A house painter in clothes covered in paint pauses to look at the camera .
4763056591.jpg| 2| a man in an orange shirt with an orange ladder next to a brick wall .
4763056591.jpg| 3| A man in an orange shirt is holding a ladder .
4763056591.jpg| 4| A worker grabs a ladder to move it around .
4818743912.jpg| 0| Two people wearing the same costume standing in front of a large glass doorway .
4818743912.jpg| 1| 2 people dressed as cowboys standing by the entrance to a hotel .
4818743912.jpg| 2| Two people in odd outfits are standing by a glass door .
4818743912.jpg| 3| Two people are standing and talking with each other .
4818743912.jpg| 4| Two women operate the doors at a hotel .
48296039.jpg| 0| There are four males standing and washing dishes in a kitchen with their back to the room .
48296039.jpg| 1| A group of four men washing and drying dishes in a commercial kitchen .
48296039.jpg| 2| Four young men are standing at sinks washing dishes .
48296039.jpg| 3| Four males are washing dishes at kitchen sinks .
48296039.jpg| 4| Four guys in a kitchen washing hands .
4870438924.jpg| 0|" A man wearing a black t-shirt that says "" Long Live the Dead "" pulls a shopping cart in the street near a NYC yellow taxi cab ."
4870438924.jpg| 1| A guy in a ' Long Live The Dead ' t-shirt pushing a shopping cart next to a yellow taxi .
4870438924.jpg| 2|" A man walking with a shopping cart wearing a t-shirt that reads "" long live the dead "" ."
4870438924.jpg| 3| A man wearing a black t-shirt is walking with a grocery cart in a parking lot .
4870438924.jpg| 4| A man wearing a black shirt is outside walking with a shopping cart .
4873072568.jpg| 0| A caucasian woman wearing glasses is holding a darker-skinned little boy outside of a school and both are rolling their tounges .
4873072568.jpg| 1| Young boy in blue and young woman in turquoise stick their tongues out for the camera .
4873072568.jpg| 2| A teenage girl is holding a young boy , both are sticking out their tongues .
4873072568.jpg| 3| A girl with a little boy both rolling their tongue as they stick it out .
4873072568.jpg| 4| A woman and a child are sticking out their tongues for a photo .
4882632874.jpg| 0| A man is walking on a paved surface backdropped by a large art mural .
4882632874.jpg| 1| A man walking in front of a colorful mural on a brick road .
4882632874.jpg| 2| A man is walking down the street next to a colorful wall .
4882632874.jpg| 3| A man walking in front of a colorful wall mural .
4882632874.jpg| 4| A man is walking near a very colorful wall .
4886594873.jpg| 0| The Rockettes perform on the street in front of Radio City Music Hall , as well as next to a cop car .
4886594873.jpg| 1| The Rockettes perform in the street in front of Radio City Music Hall in New York City .
4886594873.jpg| 2| A group a young dancers perform together in front of Radio City .
4886594873.jpg| 3| Group of dancers line up in front of Radio City Music Hall .
4886594873.jpg| 4| The Rockettes are performing outside of Radio City .
490390951.jpg| 0| A person wearing gray converse shoes took a picture of the water barely touching their shoes .
490390951.jpg| 1| A person wearing gray tennis shoes is standing right where the waves stop on the sand .
490390951.jpg| 2| a closeup of gray and white shoes on the shore near the beach water .
490390951.jpg| 3| The person wearing tennis shoes is standing on the sand .
490390951.jpg| 4| A shot of shoes in water .
49227122.jpg| 0| Several people are in a group where a man in a blue shirt is smiling .
49227122.jpg| 1| people looking at expensive equipment and smiling
49227122.jpg| 2| People are standing around outside an object .
49227122.jpg| 3| Crowd looking at a camera , while smiling .
49227122.jpg| 4| people are standing around smiling .
4923692902.jpg| 0| Two women holding shopping bags are standing outside having a conversation .
4923692902.jpg| 1| Two women with shopping bags talk to each other next to a red railing
4923692902.jpg| 2| Two women wearing boots and holding bags are talking to each other .
4923692902.jpg| 3| Two women , carrying shopping bags converse on a pedestrian bridge .
4923692902.jpg| 4| Young women taking a break from shopping .
4927868989.jpg| 0| There are lots and lots of Oriental men dressed in identical yellow , gray , and red shirts posing with one arm extended amidst boxes .
4927868989.jpg| 1| Factory workers standing in uniform next to their product .
4927868989.jpg| 2| Identical looking factory workers are paying attention .
4927868989.jpg| 3| Asian men in uniform performing the same stance .
4927868989.jpg| 4| Young Asian men perform similar task .
4936899101.jpg| 0| A serious-faced woman in green and wearing an apron preparing the meat in front of her .
4936899101.jpg| 1| An asian woman in a green shirt and an apron is fixing some food inside a market .
4936899101.jpg| 2| A woman in a public market cutting a chicken into small pieces
4936899101.jpg| 3| A woman wearing a green shirt and an apron is making food .
4936899101.jpg| 4| A woman in a green shirt is cooking .
4941462834.jpg| 0| A police officer is using yellow tape to section off an area from a crowd of people .
4941462834.jpg| 1| A policeman is roping off an area with police tape while onlookers watch .
4941462834.jpg| 2| A police officer blocks off an area from spectators with yellow tape .
4941462834.jpg| 3| Policeman taping off an area by a group of firemen .
4941462834.jpg| 4| Police are setting up a barricade due to a fire .
4951841137.jpg| 0| There are a few people strolling along a large oceanside walkway .
4951841137.jpg| 1| Ocean view of long pier with people walking around .
4951841137.jpg| 2| A few people are walking in a waterfront area .
4951841137.jpg| 3| People walk and ride bikes along the coast .
4951841137.jpg| 4| A quiet marina with a handful of people .
5056620714.jpg| 0| Man in jeans and white t-shirt , holding a microphone and being passed from person to person at concert .
5056620714.jpg| 1| Singer dives into crowd watching him perform .
5056620714.jpg| 2| A singer doing a stage dive into the crowd .
5056620714.jpg| 3| A singer is crowd surfing .
5056620714.jpg| 4| Male singer crowd surfing
506115200.jpg| 0| A lady with red-hair and a white jacket pauses to look at her shopping list in the milk section of a grocery store .
506115200.jpg| 1| A woman looking her grocery list is a store with a sign for milk in the background .
506115200.jpg| 2| A woman is looking at her shopping list inside a grocery store .
506115200.jpg| 3| A woman looking at her shopping list in a grocery store .
506115200.jpg| 4| A woman in a grocery store is reading over a note .
5144307872.jpg|0| A dark-haired woman wearing a black dress sings into a microphone at a dark venue .
5144307872.jpg|1| A woman in a black dress speaking or singing into a microphone surrounded by fog .
5144307872.jpg|2| Mature women performing a song in mist of stage smoke .
5144307872.jpg|3| A female singer singing in a smoky bar .
5144307872.jpg|4| A woman sings in a smokey room .
5321755236.jpg|0| A woman wearing sunglasses and jeans runs and jumps down a sand dune with has lots of tire tracks and foot prints .
5321755236.jpg|1| An adult surrounded with nothing but sand leaping into the air .
5321755236.jpg|2| A young woman is jumping in front of a large sand dune .
5321755236.jpg|3| A woman enjoying bouncing through the desert sands .
5321755236.jpg|4| A woman jumping in a desert like area .
5402085.jpg|0| The worker , in the blue suit , is digging in the dirt , while his coworker , in the gray-green suit , is attending the machine .
5402085.jpg|1| Two men in coveralls are digging a hole with a shovel and some machinery .
5402085.jpg|2| Two workers preparing a work site with a powered auger .
5402085.jpg|3| two very muddy men drilling for oil
5402085.jpg|4| Two people are working outside .
5408820009.jpg|0| A girl with black hair wearing a blue jacket smiles as she rides a red sled in the snow .
5408820009.jpg|1| A young girl with long brown hair and a red sled plays in the snow .
5408820009.jpg|2| A girl in a coat on a sled in the snow .
5408820009.jpg|3| A young girl is sledding in the snow .
5408820009.jpg|4| A girl enjoying her sledding ride .
5714048502.jpg|0| A woman wearing a purple sweatshirt and jeans with red feathers attached to her head is working on a laptop which sits on a small wooden desk .
5714048502.jpg|1| A woman with blond-hair , with bright red streaks on top working on a computer .
5714048502.jpg|2| A blond-haired woman wearing a red feather hat is using a laptop .
5714048502.jpg|3| A woman demonstrates how to use different editing techniques .
5714048502.jpg|4| A woman is working on the computer .
6052149729.jpg|0| two males standing in front of a gated manor with one bent over with hands on his knees and one pretending to kick the other 's bottom .
6052149729.jpg|1| One man wearing a striped shirt kicking the other and the other man in a flannel with a house in the background .
6052149729.jpg|2| One young man kicks another young man in front of a two story house .
6052149729.jpg|3| Two goofy guys perform physical comedy in an old English setting .
6052149729.jpg|4| Two boys goofing off in front of an old vintage home on a field .
6188752802.jpg|0| A woman player in white and black , sends the volleyball over the net , while the opposing team in navy blue , tries to block it , as the coach and a few spectators watch , in a gym .
6188752802.jpg|1| A girls volleyball game in which one team is wearing predominantly white shirts and the other is wearing green shirts .
6188752802.jpg|2| A female volleyball player is jumping toward the volleyball .
6188752802.jpg|3| Female volleyball players playing a game .
6188752802.jpg|4| These girls are playing volleyball .
6209779666.jpg|0| A man perched on a ladder next to a small building pours water from a red bucket into a yellow bucket .
6209779666.jpg|1| A man , on a ladder works on the roof of a building .
6209779666.jpg|2| Repairing the roof of a school on the coastline .
6209779666.jpg|3| A man is on a ladder working on a roof .
6209779666.jpg|4| A man watering plants on his house .
638855308.jpg|0| An older women looking off into the distance with three older women walking towards her from behind .
638855308.jpg|1| A blond headed lady is walking in front of a group of three people .
638855308.jpg|2| A woman in a city is surprised at what she sees .
638855308.jpg|3| seniors walking on the street in a clear day
638855308.jpg|4| Elderly people walking down a city street .
6673047429.jpg|0| Three little girls observe the snowy landscape through a window with one of them touching the window .
6673047429.jpg|1| Three little girls are crowded around a wooden television standing on a windowsill .
6673047429.jpg|2| Three young girls are looking at a monitor as one of them points to the screen .
6673047429.jpg|3| young girls points at screen indoors as 2 other young girls look on
6673047429.jpg|4| Three little girls watch an antique tv .
6750572607.jpg|0| The young toddlers is dressed in yellow and purple , while sitting on the ground with three bucks filling them with dirt .
6750572607.jpg|1| A blond headed child in yellow boots and yellow jacket vest playing in the gravel with his pail , shovel and trucks .
6750572607.jpg|2| A young child with blond-hair and yellow boots plays with a shovel , rocks and a dump truck .
6750572607.jpg|3| A small child in yellow and purple is scooping pebbles and dirt into a bucket .
6750572607.jpg|4| A child wearing bright clothes , plays with toys on a rocky ground .
6818875863.jpg|0| A soccer game is played in front of green , half-filled seats .
6818875863.jpg|1| A soccer field and bleachers with players and fans .
6818875863.jpg|2| Evening soccer game with one side about to score .
6818875863.jpg|3| a soccer game in a large stadium
6818875863.jpg|4| Watching a soccer match live .
6847883340.jpg|0| A group of foreign exchange students having a good time and enjoying the city life in the astonishingly busy streets of New York as they enjoy their first time being in the United States .
6847883340.jpg|1| A group of young people most wearing red wave for the camera as they walk by buses .
6847883340.jpg|2| A group of seven men are standing in front of a yellow and blue bus .
6847883340.jpg|3| A group of young men dressed in red walk past a tour bus .
6847883340.jpg|4| A sports team getting off their bus .
689359034.jpg|0| A few people standing around five orange port-a-potties which are placed in the middle of a city .
689359034.jpg|1| Some people stand by a group of 5 orange portable bathrooms .
689359034.jpg|2| A family waits next to some portable toilets in the city .
689359034.jpg|3| People standing by a row of orange portable toilets .
689359034.jpg|4| People near 5 orange outdoor toilets in a city
6924031104.jpg|0| Two people in helmets on motorcycles racing , one purple ( in front ) and the other green , leaning into a turn .
6924031104.jpg|1| Two people taking a tight turn on motorcycles , the leading motorcycle is purple and the lagging is green .
6924031104.jpg|2| Two gentleman , one on a purple motorcycle one on a green one , racing around a tight right hand turn .
6924031104.jpg|3| Two motorcyclists race on an asphalt track on purple and green motorcycles .
6924031104.jpg|4| Two motorcyclists turning the corner of a racetrack
6966952728.jpg|0| A man wearing a white shirt lays his hand on a mechanical object while looking off in the distance .
6966952728.jpg|1| A man looking off into a blurred background with his hand on an unidentified machine .
6966952728.jpg|2| A man is on a small boat with his hand on the boat 's motor .
6966952728.jpg|3| A man adjusts the engine of a boat near the water .
6966952728.jpg|4| Man grasping motor as he gazes into the distance .
7248241408.jpg|0| A man dressed in orange and black is running a marathon through the streets as people watch .
7248241408.jpg|1| A man running in front of a group of people and a building with a 'NARVESEN' sign .
7248241408.jpg|2| A runner in an orange shirt runs through a city while onlookers observer .
7248241408.jpg|3| The runner runs down the street with several people looking at him .
7248241408.jpg|4| A man wearing an orange shirt and orange shoes is running .
7406123104.jpg|0| Chefs preparing food outside with bread and cooking equipment visible next to the ingredients they are working on .
7406123104.jpg|1| A hired chef is cutting up some vegetables for gourmet finger foods at an outdoor wine tasting gathering .
7406123104.jpg|2| A man in a white jacket is cutting up food in an outdoor venue .
7406123104.jpg|3| A chef prepares a meal in an outdoor kitchen .
7406123104.jpg|4| A chef prepares food outdoors .
7718605530.jpg|0| A picture of two women with one in lacy white dress with handbag and leggings and the other with a tall red hat , black mid-dress , and frame like plastic dress on top .
7718605530.jpg|1| Two women are posing for a picture ; one wearing a white dress , and the other wearing a white and black costume , and tall , red-hair .
7718605530.jpg|2| The woman on the left is having her picture taken with another woman who is wearing a tall pink hat .
7718605530.jpg|3| Mother and daughter wearing Alice in wonderland customs are posing for a picture .
7718605530.jpg|4| Ladies stand for a picture at an event .
7765740754.jpg|0| A woman in an orange blouse is glancing away from the picture while she dresses the hair of her friend , a girl who is grimacing and who is wearing a black tank top .
7765740754.jpg|1| A black-haired woman with her hair in a high bun is having her head shaved by another woman .
7765740754.jpg|2| a young lady getting ready for a dance and her sister is doing her hair .
7765740754.jpg|3| One girl , wearing a watch , fixing the hair of another girl .
7765740754.jpg|4| A girl wearing a watch fixes her friend 's hair .
7806900624.jpg|0| A guy in a red shirt is on his head with his feet in the air while a guy in a gray shirt and black hat looks at him .
7806900624.jpg|1| Two young men are performing a modern dance routine .
7806900624.jpg|2| Two guys performing an energetic dance on stage
7806900624.jpg|3| Two guys breakdance on stage .
7806900624.jpg|4| Two men dance on a stage .
7982277003.jpg|0| A man in a white shirt and black pants crouches near his display of green fruit on a brick street .
7982277003.jpg|1| An Asian man is preparing a recipe with lotus pods and other ingredients , on a brick street .
7982277003.jpg|2| An Asian man squats on a paved walkway and sorts a pile of vegetables .
7982277003.jpg|3| A street vendor arranging his products on a cloth on a cobbled street .
7982277003.jpg|4| An asian man on a brick street tending to food on the ground .
8043180155.jpg|0| A young girl walks down the streets of a relatively low income neighborhood while others are doing their business in the background .
8043180155.jpg|1| A girl in red shorts walks down a street , passing by a building with many green plants on the walls .
8043180155.jpg|2| A little girl in pink , blue , and red walk the city alleyway after a rainy day .
8043180155.jpg|3| the alleyway of an urban city , the citizens going about their day .
8043180155.jpg|4| a young girl walking down a back alley in the city
878758390.jpg|0| The white dog is running along the beach .
878758390.jpg|1| A white dog is running on a rocky beach .
878758390.jpg|2| A white dog walking on the beach .
878758390.jpg|3| a white dog runs along the beach
878758390.jpg|4| A white dog runs on a beach .
88488944.jpg|0| A woman with gray slacks , blue shirt and sneakers is sitting in a chair writing on a pad .
88488944.jpg|1| A young woman in a navy shirt sits with her legs crossed and takes notes during a lecture .
88488944.jpg|2| An Asian female writing on a note pad with an Asian male in the background .
88488944.jpg|3| An Asian girl writes down something on a notepad in her lap .
88488944.jpg|4| A woman is sitting in a chair filling out some paperwork .
97131520.jpg|0| While traveling on an religiously and ornately decorated bus , a man in a tan dress shirt looks at the photographer while the other passengers keep their eyes on the road .
97131520.jpg|1| Three people sitting in what looks like an rv , one guy is looking at us , the other two are facing forward , there 's a picture of Jesus hanging up .
97131520.jpg|2| Two men and a woman sit near the front of a bus with religious artifacts around .
97131520.jpg|3| People sitting inside a bus waiting to reach their destination .
97131520.jpg|4| Three people are sitting in a richly decorated automobile .
